Arts &amp; Humanities,286
Business &amp; Finance,189
Consumer Electronics,238
Education &amp; Reference,186
Entertainment &amp; Music,375
Health,169
Games &amp; Recreation,316
Science &amp; Mathematics,223
Beauty &amp; Style,265
Sports,174
Social Science,273
Cars &amp; Transportation,196
Dining Out,270
Food &amp; Drink,385
Home &amp; Garden,170
Local Businesses,186
Family &amp; Relationships,417
News &amp; Events,256
Pets,350
Politics &amp; Government,292
Environment,259
Society &amp; Culture,276
Travel,162
Computers &amp; Internet,195
Pregnancy &amp; Parenting,408
Yahoo Products,150
